,title,timestamp,access,category,pageid,raw_category,revision.anon,revision.comment,revision.commenthidden,revision.parentid,revision.revid,revision.user,Section count,Subsection count,Complete URL link count,Complete URL link count per section,Complete URL link count per length,Relative URL link count,Relative URL link count per section,Relative URL link count per length,Same page link count,Same page link count per section,Same page link count per length,Mean section size,Mean subsection size,Largest section size,Shortest section size,Standard deviation of the section size,Images count,Images per length,Images per section,Images per subsection,Phrase count,Large phrase count,Paragraph count,Large paragraph count,Largest phrase size,Large phrase rate,Short phrase rate,Char Count,Word Count,Articles count,Auxiliary verbs count,Coordination conjunctions count,Correlative conjunctions count,Indefinite pronouns count,Interrogative pronouns count,Prepositions count,Pronouns count,Relative pronoums count,Subordinating conjunctions count,To be verbs count,Sentences starting with articles,Sentences starting with auxiliary verbs,Sentences starting with coordination conjunctions,Sentences starting with correlative conjunctions,Sentences starting with indefinite pronouns,Sentences starting with interrogative pronouns,Sentences starting with prepositions,Sentences starting with pronouns,Sentences starting with relative pronoums,Sentences starting with subordinating conjunctions,Sentences starting with to be verbs,ARI readability feature,Coleman-Liau readability feature,Flesch Reading Ease Readability Feature,Flesch Kincaid Readability Feature,Gunning Fog Index readability feature,Lasbarhetsindex readability feature,SMOG Grading readability feature
19,"1,3-Butadiene",2008-12-09T21:43:01Z,2009-01-01T00:00:00Z,b,,"[('class=B|', 'B', '', ''), ('class=""autosigned"">—Preceding [[Wikipedia:Signatures|', '""autosigned"">—Preceding [[Wikipedia:Signatures', '', '')]",,related compounds should have a wiki article,,256733594,256913977,V8rik,8,1,3,0.375,0.00042105263157894734,79,9.875,0.011087719298245613,24,3.0,0.0033684210526315787,830.375,1157.0,2216,49,821.0440979108771,2,0.0002807017543859649,0.25,0.25,84,51,72,1,165,0.3690476190476191,0.5476190476190477,7125,1128,79,24,39,1,11,4,154,20,9,27,17,6,0,1,0,2,2,6,4,2,8,0,9.307769756838908,11.924867021276595,32.18000000000001,12.106894630192508,13.314690982776089,33.286727456940234,36.58571124749333
20,"1,3-Butadiene",2008-11-03T15:00:27Z,2008-12-01T00:00:00Z,b,,"[('class=B|', 'B', '', '')]",,Reverted edits by [[Special:Contributions/213.6.94.75|213.6.94.75]] to last version by Epop fr ([[WP:HG|HG]]),,249411771,249411792,Smalljim,8,1,3,0.375,0.00042105263157894734,79,9.875,0.011087719298245613,24,3.0,0.0033684210526315787,830.375,1157.0,2216,49,821.0440979108771,2,0.0002807017543859649,0.25,0.25,84,51,72,1,165,0.3690476190476191,0.5476190476190477,7125,1128,79,24,39,1,11,4,154,20,9,27,17,6,0,1,0,2,2,6,4,2,8,0,9.307769756838908,11.924867021276595,32.18000000000001,12.106894630192508,13.314690982776089,33.286727456940234,36.58571124749333
21,"1,3-Butadiene",2008-10-08T20:43:02Z,2008-11-01T00:00:00Z,b,,"[('class=B|', 'B', '', '')]",,- fchm,,236301799,243984079,Epop fr,8,1,3,0.375,0.00042105263157894734,79,9.875,0.011087719298245613,24,3.0,0.0033684210526315787,830.375,1157.0,2216,49,821.0440979108771,2,0.0002807017543859649,0.25,0.25,84,51,72,1,165,0.3690476190476191,0.5476190476190477,7125,1128,79,24,39,1,11,4,154,20,9,27,17,6,0,1,0,2,2,6,4,2,8,0,9.307769756838908,11.924867021276595,32.18000000000001,12.106894630192508,13.314690982776089,33.286727456940234,36.58571124749333
22,"1,3-Butadiene",2008-09-04T19:51:08Z,2008-10-01T00:00:00Z,b,,"[('class=B|', 'B', '', '')]",,,,233170974,236301799,Epop fr,8,1,3,0.375,0.00042105263157894734,79,9.875,0.011087719298245613,24,3.0,0.0033684210526315787,830.375,1157.0,2216,49,821.0440979108771,2,0.0002807017543859649,0.25,0.25,84,51,72,1,165,0.3690476190476191,0.5476190476190477,7125,1128,79,24,39,1,11,4,154,20,9,27,17,6,0,1,0,2,2,6,4,2,8,0,9.307769756838908,11.924867021276595,32.18000000000001,12.106894630192508,13.314690982776089,33.286727456940234,36.58571124749333
23,"1,3-Butadiene",2008-08-20T19:39:36Z,2008-09-01T00:00:00Z,b,,"[('class=B|', 'B', '', '')]",,"/* Safety */ data are plural, style",,230579563,233170974,86.166.233.76,8,1,3,0.375,0.00042105263157894734,79,9.875,0.011087719298245613,24,3.0,0.0033684210526315787,830.375,1157.0,2216,49,821.0440979108771,2,0.0002807017543859649,0.25,0.25,84,51,72,1,165,0.3690476190476191,0.5476190476190477,7125,1128,79,24,39,1,11,4,154,20,9,27,17,6,0,1,0,2,2,6,4,2,8,0,9.307769756838908,11.924867021276595,32.18000000000001,12.106894630192508,13.314690982776089,33.286727456940234,36.58571124749333
24,"1,3-Butadiene",2008-06-30T08:22:50Z,2008-08-01T00:00:00Z,b,,"[('class=B|', 'B', '', '')]",,Reverted edits by [[Special:Contributions/145.19.1.220|145.19.1.220]] to last version by Rickjpelleg (using [[WP:HG|Huggle]]),,222618863,222618879,Epbr123,8,1,3,0.375,0.0004209344745334643,79,9.875,0.011084607829381228,24,3.0,0.0033674757962677145,830.625,1157.0,2216,49,821.3807082328772,2,0.0002806229830223095,0.25,0.25,84,51,72,1,165,0.3690476190476191,0.5476190476190477,7127,1128,79,24,39,1,11,4,154,20,9,27,16,6,0,1,0,2,2,6,4,2,8,0,9.316120820668694,11.935274822695039,32.10500000000002,12.117355623100305,13.314690982776089,33.286727456940234,36.58571124749333
25,"1,3-Butadiene",2008-06-30T08:22:50Z,2008-07-01T00:00:00Z,b,,"[('class=B|', 'B', '', '')]",,Reverted edits by [[Special:Contributions/145.19.1.220|145.19.1.220]] to last version by Rickjpelleg (using [[WP:HG|Huggle]]),,222618863,222618879,Epbr123,8,1,3,0.375,0.0004209344745334643,79,9.875,0.011084607829381228,24,3.0,0.0033674757962677145,830.625,1157.0,2216,49,821.3807082328772,2,0.0002806229830223095,0.25,0.25,84,51,72,1,165,0.3690476190476191,0.5476190476190477,7127,1128,79,24,39,1,11,4,154,20,9,27,16,6,0,1,0,2,2,6,4,2,8,0,9.316120820668694,11.935274822695039,32.10500000000002,12.117355623100305,13.314690982776089,33.286727456940234,36.58571124749333
26,"1,3-Butadiene",2008-05-28T22:37:34Z,2008-06-01T00:00:00Z,b,,"[('class=B|', 'B', '', '')]",,,,215557916,215605019,99.247.62.9,8,1,3,0.375,0.0004209344745334643,79,9.875,0.011084607829381228,24,3.0,0.0033674757962677145,830.625,1157.0,2216,49,821.3807082328772,2,0.0002806229830223095,0.25,0.25,84,51,72,1,165,0.3690476190476191,0.5476190476190477,7127,1128,79,24,39,1,11,4,154,20,9,27,16,6,0,1,0,2,2,6,4,2,8,0,9.316120820668694,11.935274822695039,32.10500000000002,12.117355623100305,13.314690982776089,33.286727456940234,36.58571124749333
27,"1,3-Butadiene",2008-03-07T21:53:41Z,2008-05-01T00:00:00Z,b,,"[('class=B|', 'B', '', '')]",,rv v,,196617300,196623196,148.177.1.218,8,1,1,0.125,0.0001409046075806679,79,9.875,0.011131463998872763,20,2.5,0.0028180921516133576,826.875,1157.0,2216,49,820.8961022652536,2,0.0002818092151613358,0.25,0.25,83,51,72,1,164,0.3734939759036144,0.5421686746987951,7097,1120,79,24,39,1,11,4,154,20,9,27,16,7,0,1,0,2,2,6,4,2,8,0,9.427889737521511,12.04449107142857,31.718793029259896,12.187472030981073,13.397590361445785,33.49397590361445,36.46640106136302
28,"1,3-Butadiene",2008-03-07T21:53:41Z,2008-04-01T00:00:00Z,b,,"[('class=B|', 'B', '', '')]",,rv v,,196617300,196623196,148.177.1.218,8,1,1,0.125,0.0001409046075806679,79,9.875,0.011131463998872763,20,2.5,0.0028180921516133576,826.875,1157.0,2216,49,820.8961022652536,2,0.0002818092151613358,0.25,0.25,83,51,72,1,164,0.3734939759036144,0.5421686746987951,7097,1120,79,24,39,1,11,4,154,20,9,27,16,7,0,1,0,2,2,6,4,2,8,0,9.427889737521511,12.04449107142857,31.718793029259896,12.187472030981073,13.397590361445785,33.49397590361445,36.46640106136302
29,"1,3-Butadiene",2008-02-18T10:06:12Z,2008-03-01T00:00:00Z,a,,"[('class=A|', 'A', '', '')]",,+de interwiki,,192015204,192274129,Oxymoron83,8,1,1,0.125,0.0001409046075806679,79,9.875,0.011131463998872763,20,2.5,0.0028180921516133576,826.875,1157.0,2216,49,820.8961022652536,2,0.0002818092151613358,0.25,0.25,83,51,72,1,164,0.3734939759036144,0.5421686746987951,7097,1120,79,24,39,1,11,4,154,20,9,27,16,7,0,1,0,2,2,6,4,2,8,0,9.427889737521511,12.04449107142857,31.718793029259896,12.187472030981073,13.397590361445785,33.49397590361445,36.46640106136302
30,"1,3-Butadiene",2008-01-12T09:03:44Z,2008-02-01T00:00:00Z,a,,"[('class=A|', 'A', '', '')]",,robot  Adding: [[uk:Бутадієн]],,181504594,183809058,Phe-bot,8,1,1,0.125,0.00015313935681470137,79,9.875,0.01209800918836141,20,2.5,0.003062787136294028,756.0,1157.0,2216,49,746.6888814722539,2,0.00030627871362940286,0.25,0.25,78,46,70,0,162,0.3461538461538461,0.5641025641025641,6530,1038,70,20,36,1,11,4,146,19,9,23,14,6,0,1,0,2,2,5,4,2,7,0,9.128701645175632,11.757013487475914,32.68549577590039,12.006358381502896,13.299955535793686,33.24988883948421,35.218007387174026
31,"1,3-Butadiene",2007-12-28T05:28:09Z,2008-01-01T00:00:00Z,a,,"[('class=A|', 'A', '', '')]",,Reverted edits by [[Special:Contributions/125.60.241.43|125.60.241.43]] ([[User talk:125.60.241.43|talk]]) to last version by OKBot,,180559926,180559997,Kingturtle,8,1,1,0.125,0.00015313935681470137,79,9.875,0.01209800918836141,20,2.5,0.003062787136294028,756.0,1157.0,2216,49,746.6888814722539,2,0.00030627871362940286,0.25,0.25,78,46,70,0,162,0.3461538461538461,0.5641025641025641,6530,1038,70,20,36,1,11,4,146,19,9,23,14,6,0,1,0,2,2,5,4,2,7,0,9.128701645175632,11.757013487475914,32.68549577590039,12.006358381502896,13.299955535793686,33.24988883948421,35.218007387174026
32,"1,3-Butadiene",2007-11-24T17:49:49Z,2007-12-01T00:00:00Z,a,,"[('class=A|', 'A', '', '')]",,/* References */,,171286475,173518006,62.78.138.39,8,1,1,0.125,0.00015313935681470137,79,9.875,0.01209800918836141,20,2.5,0.003062787136294028,756.0,1157.0,2216,49,746.6888814722539,2,0.00030627871362940286,0.25,0.25,78,46,70,0,162,0.3461538461538461,0.5641025641025641,6530,1038,70,20,36,1,11,4,146,19,9,23,14,6,0,1,0,2,2,5,4,2,7,0,9.128701645175632,11.757013487475914,32.68549577590039,12.006358381502896,13.299955535793686,33.24988883948421,35.218007387174026
33,"1,3-Butadiene",2007-09-24T15:17:45Z,2007-11-01T00:00:00Z,a,,"[('class=A|', 'A', '', '')]",,chemicals pages cleanup per [[User:Beetstra/Chemicals]]  using [[Project:AutoWikiBrowser|AWB]],,158286218,160030340,Beetstra,8,1,1,0.125,0.00015313935681470137,79,9.875,0.01209800918836141,20,2.5,0.003062787136294028,756.0,1157.0,2216,49,746.6888814722539,2,0.00030627871362940286,0.25,0.25,78,46,70,0,162,0.3461538461538461,0.5641025641025641,6530,1038,70,20,36,1,11,4,146,19,9,23,14,6,0,1,0,2,2,5,4,2,7,0,9.128701645175632,11.757013487475914,32.68549577590039,12.006358381502896,13.299955535793686,33.24988883948421,35.218007387174026
34,"1,3-Butadiene",2007-09-24T15:17:45Z,2007-10-01T00:00:00Z,a,,"[('class=A|', 'A', '', '')]",,chemicals pages cleanup per [[User:Beetstra/Chemicals]]  using [[Project:AutoWikiBrowser|AWB]],,158286218,160030340,Beetstra,8,1,1,0.125,0.00015313935681470137,79,9.875,0.01209800918836141,20,2.5,0.003062787136294028,756.0,1157.0,2216,49,746.6888814722539,2,0.00030627871362940286,0.25,0.25,78,46,70,0,162,0.3461538461538461,0.5641025641025641,6530,1038,70,20,36,1,11,4,146,19,9,23,14,6,0,1,0,2,2,5,4,2,7,0,9.128701645175632,11.757013487475914,32.68549577590039,12.006358381502896,13.299955535793686,33.24988883948421,35.218007387174026
35,"1,3-Butadiene",2007-08-28T03:34:36Z,2007-09-01T00:00:00Z,a,,"[('class=A|', 'A', '', '')]",,/* See also */,,153927658,154095059,Jrockley,8,1,1,0.125,0.00013199577613516366,120,15.0,0.01583949313621964,20,2.5,0.002639915522703273,756.25,1157.0,2216,50,746.6436805560505,4,0.0005279831045406547,0.5,0.5,87,52,162,2,214,0.3678160919540229,0.5862068965517241,7576,1212,70,20,41,1,12,5,151,20,10,25,15,6,0,1,0,2,2,5,4,2,7,0,9.05276971662683,11.373407590759074,31.033613861386186,12.39161829976101,13.328189370661207,33.32047342665302,37.813790371058424
36,"1,3-Butadiene",2007-07-09T13:38:44Z,2007-08-01T00:00:00Z,a,,"[('class=A|', 'A', '', '')]",,Removed {{ChemicalSources}} as obsolete,,129377167,143494261,Chem-awb,8,1,1,0.125,0.00013283740701381508,118,14.75,0.01567481402763018,20,2.5,0.002656748140276302,750.25,1157.0,2216,19,753.138338648921,4,0.0005313496280552603,0.5,0.5,87,52,160,2,214,0.3678160919540229,0.5862068965517241,7528,1208,70,20,41,1,12,5,151,20,10,25,15,6,0,1,0,2,2,5,4,2,7,0,8.936063503844101,11.249577814569538,31.66550772626934,12.292059831011649,13.203029611022306,33.00757402755576,37.75629439396553
37,"1,3-Butadiene",2007-05-08T23:19:35Z,2007-07-01T00:00:00Z,a,,"[('class=A|', 'A', '', '')]",,robot  Adding: [[fr:Butadiène]],,128833154,129377167,VVVBot,8,1,1,0.125,0.00013252054068380598,118,14.75,0.015637423800689106,20,2.5,0.0026504108136761197,752.5,1157.0,2216,19,750.7706516830368,4,0.0005300821627352238,0.5,0.5,87,52,160,1,214,0.3678160919540229,0.5862068965517241,7546,1209,70,20,41,1,12,5,151,20,10,25,15,6,0,1,0,2,2,5,4,2,7,0,8.980881321126036,11.300033085194375,31.22727047146404,12.356040614928277,13.234385784775107,33.08596446193776,37.77067730142742
38,"1,3-Butadiene",2007-05-08T23:19:35Z,2007-06-01T00:00:00Z,a,,"[('class=A|', 'A', '', '')]",,robot  Adding: [[fr:Butadiène]],,128833154,129377167,VVVBot,8,1,1,0.125,0.00013252054068380598,118,14.75,0.015637423800689106,20,2.5,0.0026504108136761197,752.5,1157.0,2216,19,750.7706516830368,4,0.0005300821627352238,0.5,0.5,87,52,160,1,214,0.3678160919540229,0.5862068965517241,7546,1209,70,20,41,1,12,5,151,20,10,25,15,6,0,1,0,2,2,5,4,2,7,0,8.980881321126036,11.300033085194375,31.22727047146404,12.356040614928277,13.234385784775107,33.08596446193776,37.77067730142742
39,"1,3-Butadiene",2007-04-23T08:19:52Z,2007-05-01T00:00:00Z,a,,"[('class=A|', 'A', '', '')]",,/* From ethanol */,,124410174,125109527,Nonagonal Spider,8,1,1,0.125,0.00013252054068380598,117,14.625,0.0155049032600053,20,2.5,0.0026504108136761197,752.5,1157.0,2216,19,750.7706516830368,3,0.000397561622051418,0.375,0.375,87,52,159,1,214,0.3678160919540229,0.5862068965517241,7546,1209,70,20,41,1,12,5,151,20,10,25,15,6,0,1,0,2,2,5,4,2,7,0,8.980881321126036,11.300033085194375,31.22727047146404,12.356040614928277,13.234385784775107,33.08596446193776,37.77067730142742
40,"1,3-Butadiene",2007-03-04T15:59:11Z,2007-04-01T00:00:00Z,a,,"[('class=A|', 'A', '', '')]",,,,111716741,112579198,83.249.111.74,8,1,1,0.125,0.00013257324671881208,117,14.625,0.015511069866101018,20,2.5,0.002651464934376243,752.125,1154.0,2213,19,749.9355091320473,3,0.00039771974015643646,0.375,0.375,87,52,157,2,214,0.3678160919540229,0.5862068965517241,7543,1209,70,20,41,1,12,5,151,20,10,25,15,6,0,1,0,2,2,5,4,2,7,0,8.980881321126036,11.300033085194375,31.22727047146404,12.356040614928277,13.234385784775107,33.08596446193776,37.77067730142742
41,"1,3-Butadiene",2007-02-24T19:49:21Z,2007-03-01T00:00:00Z,a,,"[('class=A|', 'A', '', '')]",,/* From ethanol */,,108501822,110645036,137.122.50.177,8,1,1,0.125,0.00013113034356150013,117,14.625,0.015342250196695516,20,2.5,0.0026226068712300018,762.5,1237.0,2296,19,773.245109910176,3,0.0003933910306845004,0.375,0.375,88,53,157,2,205,0.3636363636363637,0.5795454545454546,7626,1221,70,20,42,1,12,5,153,20,10,25,16,6,0,1,0,2,2,6,4,2,7,0,8.994207616707618,11.326764946764946,30.965634213759213,12.387179565929568,13.2486076986077,33.12151924651925,37.942810419312295
42,"1,3-Butadiene",2007-01-21T03:20:26Z,2007-02-01T00:00:00Z,a,,"[('class=A|', 'A', '', '')]",,rv cut-and-paste copyvio,,102137219,102138921,Isopropyl,8,1,1,0.125,0.00013257324671881208,117,14.625,0.015511069866101018,20,2.5,0.002651464934376243,752.125,1154.0,2213,19,749.9355091320473,3,0.00039771974015643646,0.375,0.375,87,52,157,2,214,0.3678160919540229,0.5862068965517241,7543,1209,70,20,41,1,12,5,151,20,10,25,15,6,0,1,0,2,2,5,4,2,7,0,8.980881321126036,11.300033085194375,31.22727047146404,12.356040614928277,13.234385784775107,33.08596446193776,37.77067730142742
111,1300-1400 in fashion,2008-12-11T09:47:22Z,2009-01-01T00:00:00Z,a,,"[('class=A}', '', 'A', ''), ('class=a|', 'a', '', ''), ('class=""wikitable""\n', '', '', '""wikitable""'), ('class=""wikitable""\n', '', '', '""wikitable""')]",,/* External links */,,257247457,257247495,L clausewitz,10,9,15,1.5,0.000640970857191693,129,12.9,0.00551234937184856,64,6.4,0.002734808990684557,2242.2,1869.888888888889,7839,13,2803.1990376076483,13,0.0005555080762328006,1.3,1.3,215,166,274,15,343,0.3488372093023256,0.5488372093023256,23402,3900,355,48,228,5,43,8,473,117,34,42,105,18,0,3,0,1,1,11,19,1,3,0,10.10439051878354,10.55415641025641,51.84860286225404,10.533854502087065,10.978890876565297,27.44722719141324,65.44997998398398
112,1300-1400 in fashion,2008-11-28T09:00:09Z,2008-12-01T00:00:00Z,a,,"[('class=A}', '', 'A', ''), ('class=a|', 'a', '', ''), ('class=""wikitable""\n', '', '', '""wikitable""'), ('class=""wikitable""\n', '', '', '""wikitable""')]",,/* Northern and western Europe */,,254575118,254575158,Jeanne boleyn,10,9,14,1.4,0.0006043078516855872,129,12.9,0.005568265204817197,63,6.3,0.0027193853325851425,2218.7,1862.555555555556,7839,13,2807.373705480306,13,0.0005611430051366168,1.3,1.3,215,166,273,15,343,0.3395348837209302,0.5581395348837209,23167,3865,352,47,226,5,43,8,469,116,34,42,104,18,0,3,0,1,1,11,19,1,3,0,9.992359156412649,10.501208279430788,52.2436111194681,10.438317037215324,10.864695087096486,27.161737717741214,65.16912416947821
113,1300-1400 in fashion,2008-10-03T13:56:39Z,2008-11-01T00:00:00Z,a,,"[('class=A}', '', 'A', ''), ('class=a|', 'a', '', ''), ('class=""wikitable""\n', '', '', '""wikitable""'), ('class=""wikitable""\n', '', '', '""wikitable""')]",,/* Fabrics and furs */ changed Queen Abigail(?) to the correct Mary de Bohun,,242515286,242745989,Jeanne boleyn,10,9,14,1.4,0.0006054315862307559,129,12.9,0.005578619615983394,63,6.3,0.0027244421380384016,2214.4,1857.7777777777771,7839,13,2802.019716006454,13,0.0005621864729285588,1.3,1.3,215,166,273,15,333,0.3348837209302325,0.5581395348837209,23124,3857,352,47,226,5,43,8,467,116,34,42,104,18,0,3,0,1,1,11,19,1,3,0,9.978745922544931,10.50401607466943,52.21791992812828,10.432656613466305,10.857431791186066,27.143579477965158,65.10475022089696
114,1300-1400 in fashion,2008-09-26T14:42:15Z,2008-10-01T00:00:00Z,a,,"[('class=A}', '', 'A', ''), ('class=a|', 'a', '', ''), ('class=""wikitable""\n', '', '', '""wikitable""'), ('class=""wikitable""\n', '', '', '""wikitable""')]",,Reverted edits by [[Special:Contributions/216.81.108.10|216.81.108.10]] ([[User talk:216.81.108.10|talk]]) to last version by PKM,,241130323,241134020,Johnbod,10,9,14,1.4,0.0006054315862307559,129,12.9,0.005578619615983394,63,6.3,0.0027244421380384016,2214.4,1857.7777777777771,7839,13,2802.019716006454,13,0.0005621864729285588,1.3,1.3,215,166,273,15,333,0.3348837209302325,0.5581395348837209,23124,3856,352,47,226,5,43,8,467,116,34,42,104,18,0,3,0,1,1,11,19,1,3,0,9.983458457975487,10.512359958506224,52.20920505645086,10.432716684357814,10.85652610247998,27.141315256199945,65.0966987850401
115,1300-1400 in fashion,2008-06-27T13:31:55Z,2008-09-01T00:00:00Z,a,,"[('class=A}', '', 'A', ''), ('class=a|', 'a', '', ''), ('class=""wikitable""\n', '', '', '""wikitable""'), ('class=""wikitable""\n', '', '', '""wikitable""')]",,Reverted edits by [[Special:Contributions/78.23.97.149|78.23.97.149]] to last version by PKM (using [[WP:HG|Huggle]]),,222076685,222078909,Metagraph,10,9,14,1.4,0.0006070592316364582,128,12.8,0.0055502558321047606,62,6.2,0.002688405168675744,2208.2,1850.888888888889,7839,13,2794.3984365552137,13,0.0005636978579481398,1.3,1.3,215,166,273,15,343,0.3348837209302325,0.5627906976744186,23062,3846,351,47,226,5,43,8,466,116,34,42,104,18,0,3,0,1,1,11,19,1,3,0,9.957306171316617,10.504461778471141,52.29764709937237,10.408826010714849,10.837096107100098,27.092740267750244,65.01612693485461
116,1300-1400 in fashion,2008-06-27T13:31:55Z,2008-08-01T00:00:00Z,a,,"[('class=A}', '', 'A', ''), ('class=a|', 'a', '', ''), ('class=""wikitable""\n', '', '', '""wikitable""'), ('class=""wikitable""\n', '', '', '""wikitable""')]",,Reverted edits by [[Special:Contributions/78.23.97.149|78.23.97.149]] to last version by PKM (using [[WP:HG|Huggle]]),,222076685,222078909,Metagraph,10,9,14,1.4,0.0006070592316364582,128,12.8,0.0055502558321047606,62,6.2,0.002688405168675744,2208.2,1850.888888888889,7839,13,2794.3984365552137,13,0.0005636978579481398,1.3,1.3,215,166,273,15,343,0.3348837209302325,0.5627906976744186,23062,3846,351,47,226,5,43,8,466,116,34,42,104,18,0,3,0,1,1,11,19,1,3,0,9.957306171316617,10.504461778471141,52.29764709937237,10.408826010714849,10.837096107100098,27.092740267750244,65.01612693485461
117,1300-1400 in fashion,2008-06-27T13:31:55Z,2008-07-01T00:00:00Z,a,,"[('class=A}', '', 'A', ''), ('class=a|', 'a', '', ''), ('class=""wikitable""\n', '', '', '""wikitable""'), ('class=""wikitable""\n', '', '', '""wikitable""')]",,Reverted edits by [[Special:Contributions/78.23.97.149|78.23.97.149]] to last version by PKM (using [[WP:HG|Huggle]]),,222076685,222078909,Metagraph,10,9,14,1.4,0.0006070592316364582,128,12.8,0.0055502558321047606,62,6.2,0.002688405168675744,2208.2,1850.888888888889,7839,13,2794.3984365552137,13,0.0005636978579481398,1.3,1.3,215,166,273,15,343,0.3348837209302325,0.5627906976744186,23062,3846,351,47,226,5,43,8,466,116,34,42,104,18,0,3,0,1,1,11,19,1,3,0,9.957306171316617,10.504461778471141,52.29764709937237,10.408826010714849,10.837096107100098,27.092740267750244,65.01612693485461
118,1300-1400 in fashion,2008-05-10T00:50:51Z,2008-06-01T00:00:00Z,a,,"[('class=A}', '', 'A', ''), ('class=a|', 'a', '', ''), ('class=""wikitable""\n', '', '', '""wikitable""'), ('class=""wikitable""\n', '', '', '""wikitable""')]",,/* General trends */  fell A little,,207716581,211373952,205.234.170.131,10,9,13,1.3,0.0005670170541283202,128,12.8,0.005582937148340385,62,6.2,0.002704235181227374,2194.7,1849.666666666667,7839,13,2797.1521648514813,13,0.0005670170541283202,1.3,1.3,213,164,272,15,343,0.3380281690140845,0.5633802816901409,22927,3823,348,47,226,5,43,8,465,116,34,42,104,18,0,3,0,1,1,11,19,1,3,0,9.990435270091204,10.513897462725607,52.2571771916704,10.429372626025577,10.872777198547464,27.181942996368647,64.83041322844284
119,1300-1400 in fashion,2008-04-23T22:33:30Z,2008-05-01T00:00:00Z,a,,"[('class=A}', '', 'A', ''), ('class=a|', 'a', '', ''), ('class=""wikitable""\n', '', '', '""wikitable""'), ('class=""wikitable""\n', '', '', '""wikitable""')]",,"/* Shirt, doublet and hose */ corr name",,206256088,207716581,Johnbod,10,9,13,1.3,0.0005670665212649947,128,12.8,0.005583424209378408,62,6.2,0.0027044711014176663,2194.5,1849.666666666667,7839,13,2796.923160665425,13,0.0005670665212649947,1.3,1.3,213,164,272,15,343,0.3380281690140845,0.5633802816901409,22925,3822,347,47,226,5,43,8,465,116,34,42,104,18,0,3,0,1,1,11,19,1,3,0,9.992725805381736,10.519246467817894,52.248399739093934,10.429430576130775,10.871865625990374,27.179664064975928,64.82232606429493
120,1300-1400 in fashion,2008-03-12T22:38:55Z,2008-04-01T00:00:00Z,a,,"[('class=A}', '', 'A', ''), ('class=a|', 'a', '', ''), ('class=""wikitable""\n', '', '', '""wikitable""'), ('class=""wikitable""\n', '', '', '""wikitable""')]",,Reverted edits by [[Special:Contributions/66.222.206.229|66.222.206.229]] ([[User talk:66.222.206.229|talk]]) to last version by Cenarium,,197832998,197833111,Aitias,10,9,13,1.3,0.0005670665212649947,128,12.8,0.005583424209378408,62,6.2,0.0027044711014176663,2194.5,1849.666666666667,7839,13,2796.923160665425,13,0.0005670665212649947,1.3,1.3,213,164,272,15,343,0.3380281690140845,0.5633802816901409,22925,3822,347,47,226,5,43,8,465,116,34,42,104,18,0,3,0,1,1,11,19,1,3,0,9.992725805381736,10.519246467817894,52.2926697547925,10.423255798527428,10.871865625990374,27.179664064975928,64.82232606429493
121,1300-1400 in fashion,2008-02-13T00:25:58Z,2008-03-01T00:00:00Z,a,,"[('class=A}', '', 'A', ''), ('class=a|', 'a', '', ''), ('class=""wikitable""\n', '', '', '""wikitable""'), ('class=""wikitable""\n', '', '', '""wikitable""')]",,Removed profanity and vulgar language,,190775679,191027841,Karenawood1,10,9,13,1.3,0.0005670665212649947,128,12.8,0.005583424209378408,62,6.2,0.0027044711014176663,2194.5,1849.666666666667,7839,13,2796.923160665425,13,0.0005670665212649947,1.3,1.3,213,164,272,15,343,0.3380281690140845,0.5633802816901409,22925,3822,347,47,226,5,43,8,465,116,34,42,104,18,0,3,0,1,1,11,19,1,3,0,9.992725805381736,10.519246467817894,52.2926697547925,10.423255798527428,10.871865625990374,27.179664064975928,64.82232606429493
122,1300-1400 in fashion,2008-01-06T14:29:21Z,2008-02-01T00:00:00Z,a,,"[('class=A}', '', 'A', ''), ('class=a|', 'a', '', ''), ('class=""wikitable""\n', '', '', '""wikitable""'), ('class=""wikitable""\n', '', '', '""wikitable""')]",,sort,,161781624,182529819,Tim!,10,9,13,1.3,0.0005670665212649947,128,12.8,0.005583424209378408,62,6.2,0.0027044711014176663,2194.5,1849.666666666667,7839,13,2796.923160665425,13,0.0005670665212649947,1.3,1.3,213,164,272,15,343,0.3380281690140845,0.5633802816901409,22925,3822,347,47,226,5,43,8,465,116,34,42,104,18,0,3,0,1,1,11,19,1,3,0,9.992725805381736,10.519246467817894,52.2926697547925,10.423255798527428,10.871865625990374,27.179664064975928,64.82232606429493
123,1300-1400 in fashion,2007-10-02T13:18:48Z,2008-01-01T00:00:00Z,b,,"[('class=B}', '', 'B', ''), ('class=a|', 'a', '', ''), ('class=""wikitable""\n', '', '', '""wikitable""'), ('class=""wikitable""\n', '', '', '""wikitable""')]",,/* Northern and western Europe */,,161781500,161781624,84.203.56.34,10,9,13,1.3,0.0005670665212649947,128,12.8,0.005583424209378408,62,6.2,0.0027044711014176663,2194.5,1849.666666666667,7839,13,2796.923160665425,13,0.0005670665212649947,1.3,1.3,213,164,272,15,343,0.3380281690140845,0.5633802816901409,22925,3822,347,47,226,5,43,8,465,116,34,42,104,18,0,3,0,1,1,11,19,1,3,0,9.992725805381736,10.519246467817894,52.2926697547925,10.423255798527428,10.871865625990374,27.179664064975928,64.82232606429493
124,1300-1400 in fashion,2007-10-02T13:18:48Z,2007-12-01T00:00:00Z,b,,"[('class=B}', '', 'B', ''), ('class=a|', 'a', '', ''), ('class=""wikitable""\n', '', '', '""wikitable""'), ('class=""wikitable""\n', '', '', '""wikitable""')]",,/* Northern and western Europe */,,161781500,161781624,84.203.56.34,10,9,13,1.3,0.0005670665212649947,128,12.8,0.005583424209378408,62,6.2,0.0027044711014176663,2194.5,1849.666666666667,7839,13,2796.923160665425,13,0.0005670665212649947,1.3,1.3,213,164,272,15,343,0.3380281690140845,0.5633802816901409,22925,3822,347,47,226,5,43,8,465,116,34,42,104,18,0,3,0,1,1,11,19,1,3,0,9.992725805381736,10.519246467817894,52.2926697547925,10.423255798527428,10.871865625990374,27.179664064975928,64.82232606429493
125,1300-1400 in fashion,2007-10-02T13:18:48Z,2007-11-01T00:00:00Z,b,,"[('class=B}', '', 'B', ''), ('class=a|', 'a', '', ''), ('class=""wikitable""\n', '', '', '""wikitable""'), ('class=""wikitable""\n', '', '', '""wikitable""')]",,/* Northern and western Europe */,,161781500,161781624,84.203.56.34,10,9,13,1.3,0.0005670665212649947,128,12.8,0.005583424209378408,62,6.2,0.0027044711014176663,2194.5,1849.666666666667,7839,13,2796.923160665425,13,0.0005670665212649947,1.3,1.3,213,164,272,15,343,0.3380281690140845,0.5633802816901409,22925,3822,347,47,226,5,43,8,465,116,34,42,104,18,0,3,0,1,1,11,19,1,3,0,9.992725805381736,10.519246467817894,52.2926697547925,10.423255798527428,10.871865625990374,27.179664064975928,64.82232606429493
126,1300-1400 in fashion,2007-09-14T20:44:05Z,2007-10-01T00:00:00Z,a,,"[('class=a|', 'a', '', ''), ('class=""wikitable""\n', '', '', '""wikitable""'), ('class=""wikitable""\n', '', '', '""wikitable""')]",,/* External links */ corrected the link to my site to the main page,,154111584,157921717,72.188.162.238,10,9,13,1.3,0.0005670665212649947,127,12.7,0.005539803707742639,62,6.2,0.0027044711014176663,2194.5,1849.666666666667,7839,13,2796.923160665425,13,0.0005670665212649947,1.3,1.3,213,164,272,15,343,0.3380281690140845,0.5633802816901409,22925,3822,347,47,226,5,43,8,465,116,34,42,104,18,0,3,0,1,1,11,19,1,3,0,9.992725805381736,10.519246467817894,52.2926697547925,10.423255798527428,10.871865625990374,27.179664064975928,64.82232606429493
127,1300-1400 in fashion,2007-08-28T05:37:17Z,2007-09-01T00:00:00Z,a,,"[('class=a|', 'a', '', ''), ('class=""wikitable""\n', '', '', '""wikitable""'), ('class=""wikitable""\n', '', '', '""wikitable""')]",,/* References */,,154111431,154111584,PKM,10,9,13,1.3,0.0005655370426762952,127,12.7,0.0055248618784530384,62,6.2,0.002697176665071562,2200.7,1849.666666666667,7839,13,2792.2700860291675,13,0.0005655370426762952,1.3,1.3,213,164,272,15,343,0.3380281690140845,0.5633802816901409,22987,3830,347,47,226,5,44,8,467,116,34,42,104,18,0,3,0,1,1,11,19,1,3,0,10.028578997045804,10.54396866840731,52.163799936258144,10.450561173831499,10.910503928707143,27.27625982176786,64.8869937870632
128,1300-1400 in fashion,2007-06-04T03:31:48Z,2007-08-01T00:00:00Z,b,,"[('class=b|', 'b', '', ''), ('class=""wikitable""\n', '', '', '""wikitable""'), ('class=""wikitable""\n', '', '', '""wikitable""')]",,"Limited spellcheck + minor fixes [[User:Mboverload/AWB|READ ME]], Typos fixed: in in → in,  using [[Project:AWB|AWB]]",,132808692,135706266,Thiseye,9,5,11,1.2222222222222223,0.0005845777754158474,107,11.888888888888893,0.005686347451772334,50,5.5555555555555545,0.0026571717064356693,1857.7777777777771,952.6,6851,13,2453.548694125398,6,0.0003188606047722804,0.6666666666666666,0.6666666666666666,161,133,178,9,278,0.39130434782608703,0.515527950310559,18817,3179,312,44,179,4,40,7,417,103,30,42,96,18,0,2,0,0,1,12,15,1,3,0,10.555149574361245,10.24790185592954,51.44412311774281,10.989198486183591,11.5974131480074,28.9935328700185,59.382621436041795
129,1300-1400 in fashion,2007-06-04T03:31:48Z,2007-07-01T00:00:00Z,b,,"[('class=b|', 'b', '', ''), ('class=""wikitable""\n', '', '', '""wikitable""'), ('class=""wikitable""\n', '', '', '""wikitable""')]",,"Limited spellcheck + minor fixes [[User:Mboverload/AWB|READ ME]], Typos fixed: in in → in,  using [[Project:AWB|AWB]]",,132808692,135706266,Thiseye,9,5,11,1.2222222222222223,0.0005845777754158474,107,11.888888888888893,0.005686347451772334,50,5.5555555555555545,0.0026571717064356693,1857.7777777777771,952.6,6851,13,2453.548694125398,6,0.0003188606047722804,0.6666666666666666,0.6666666666666666,161,133,178,9,278,0.39130434782608703,0.515527950310559,18817,3179,312,44,179,4,40,7,417,103,30,42,96,18,0,2,0,0,1,12,15,1,3,0,10.555149574361245,10.24790185592954,51.44412311774281,10.989198486183591,11.5974131480074,28.9935328700185,59.382621436041795
130,1300-1400 in fashion,2007-05-22T23:37:19Z,2007-06-01T00:00:00Z,b,,"[('class=b|', 'b', '', ''), ('class=""wikitable""\n', '', '', '""wikitable""'), ('class=""wikitable""\n', '', '', '""wikitable""')]",,rvt vandal,,132796817,132808692,Johnbod,9,5,11,1.2222222222222223,0.0005844845908607862,107,11.888888888888893,0.0056854410201912856,50,5.5555555555555545,0.002656748140276302,1858.111111111111,952.6,6851,13,2453.81883216979,6,0.0003188097768331562,0.6666666666666666,0.6666666666666666,161,133,178,8,278,0.39130434782608703,0.515527950310559,18820,3180,312,44,179,4,40,7,418,103,30,42,96,18,0,2,0,0,1,12,15,1,3,0,10.554266963553259,10.243402515723274,51.480381460213316,10.985684206414316,11.598734325559594,28.996835813898983,59.391488719486745
131,1300-1400 in fashion,2007-04-24T01:29:21Z,2007-05-01T00:00:00Z,b,,"[('class=b|', 'b', '', ''), ('class=""wikitable""\n', '', '', '""wikitable""'), ('class=""wikitable""\n', '', '', '""wikitable""')]",,/* Footwear */ creat see also,,124544520,125363578,PKM,9,5,11,1.2222222222222223,0.0005841741901221455,107,11.888888888888893,0.0056824216675517795,50,5.5555555555555545,0.0026553372278279343,1859.0,952.6,6851,13,2453.2019382839235,6,0.0003186404673393521,0.6666666666666666,0.6666666666666666,161,133,178,8,278,0.38509316770186336,0.515527950310559,18830,3182,312,44,179,4,40,7,418,103,30,42,96,18,0,2,0,0,1,12,15,1,3,0,10.55843006664038,10.241791326209936,51.5262308364988,10.982375200565293,11.588808163934555,28.972020409836393,59.40921910468182
132,1300-1400 in fashion,2007-03-31T01:59:22Z,2007-04-01T00:00:00Z,b,,"[('class=b|', 'b', '', ''), ('class=""messagebox {{#ifeq:{{{small|', '""messagebox {{#ifeq:{{{small', '', ''), ('class=""wikitable""\n', '', '', '""wikitable""'), ('class=""wikitable""\n', '', '', '""wikitable""')]",,capitalization,,119176986,119182004,Witan,8,5,8,1.0,0.0004902261167963721,88,11.0,0.005392487284760095,43,5.375,0.0026349653777805013,1832.875,757.0,6401,13,2294.856698762941,5,0.0003063913229977326,0.625,0.625,142,117,149,5,306,0.3732394366197183,0.5140845070422535,16319,2776,286,45,157,2,32,7,376,91,27,40,89,18,0,2,0,0,1,10,14,1,3,0,10.292796302309533,10.02807636887608,52.96119677720503,10.728893940008934,11.5228883386776,28.807220846694,55.68775948927797
133,1400-1500 in fashion,2008-12-06T04:06:04Z,2009-01-01T00:00:00Z,b,,"[('class=B|', 'B', '', ''), ('class=B|', 'B', '', '')]",,Fixed image placement to remove hige white space,,253583772,256173405,PKM,11,16,16,1.4545454545454546,0.0004348653276438453,210,19.09090909090909,0.005707607425325468,61,5.545454545454546,0.0016579240616421602,3258.181818181818,1827.8125,16931,13,5236.203697683692,10,0.0002717908297774033,0.9090909090909092,0.9090909090909092,378,281,418,35,375,0.335978835978836,0.5502645502645502,36793,6234,613,54,302,10,36,8,810,153,33,38,110,47,0,0,0,5,0,19,44,0,5,0,8.954116442855613,9.984299005453963,56.3287605603679,9.499684678491224,9.952616221336145,24.881540553340358,81.95568377260753
134,1400-1500 in fashion,2008-11-23T12:53:31Z,2008-12-01T00:00:00Z,a,,"[('class=A|', 'A', '', ''), ('class=A|', 'A', '', '')]",,"[[User:Rjwilmsi#Other_fixes|gen fixes]]: (1) set identical references to use existing ref name (1),  using [[Project:AutoWikiBrowser|AWB]]",,253290016,253583772,Rjwilmsi,11,16,16,1.4545454545454546,0.0004348771472059143,210,19.09090909090909,0.005707762557077625,61,5.545454545454546,0.0016579691237225485,3258.090909090909,1827.75,16930,13,5235.942579030932,10,0.00027179821700369644,0.9090909090909092,0.9090909090909092,378,282,417,35,375,0.335978835978836,0.5502645502645502,36792,6234,613,54,302,10,36,8,810,153,33,38,110,47,0,0,0,5,0,19,44,0,5,0,8.954116442855613,9.984299005453963,56.3287605603679,9.499684678491224,9.952616221336145,24.881540553340358,81.95568377260753
135,1400-1500 in fashion,2008-10-19T11:19:00Z,2008-11-01T00:00:00Z,a,,"[('class=A|', 'A', '', '')]",,replacing image with version on commons,,245290549,246267162,Melesse,11,16,16,1.4545454545454546,0.0004348653276438453,210,19.09090909090909,0.005707607425325468,61,5.545454545454546,0.0016579240616421602,3258.181818181818,1827.8125,16931,13,5236.203697683692,10,0.0002717908297774033,0.9090909090909092,0.9090909090909092,378,282,418,36,375,0.335978835978836,0.5502645502645502,36793,6234,613,54,302,10,36,8,810,153,33,38,110,47,0,0,0,5,0,19,44,0,5,0,8.954116442855613,9.984299005453963,56.31518981927067,9.501577524176176,9.952616221336145,24.881540553340358,81.95568377260753
136,1400-1500 in fashion,2008-09-30T04:52:33Z,2008-10-01T00:00:00Z,a,,"[('class=A|', 'A', '', '')]",,/* Footwear */,,240264876,241943281,75.70.115.72,11,16,16,1.4545454545454546,0.0004448522256512914,206,18.727272727272727,0.005727472405260377,60,5.454545454545454,0.001668195846192343,3183.090909090909,1776.1875,16105,13,5022.061796803091,9,0.0002502293769288514,0.8181818181818182,0.8181818181818182,363,273,407,36,490,0.3168044077134986,0.5619834710743802,35967,6094,604,54,298,10,36,8,794,144,33,36,108,47,0,0,0,5,0,19,39,0,5,0,9.097181927579037,10.009868723334423,56.065109397221356,9.60994748933377,10.06927032053386,25.173175801334647,81.06407624509497
137,1400-1500 in fashion,2008-06-27T15:06:59Z,2008-09-01T00:00:00Z,a,,"[('class=A|', 'A', '', '')]",,Reverted edits by [[Special:Contributions/90.194.235.9|90.194.235.9]] to last version by Metagraph (using [[WP:HG|Huggle]]),,222094254,222094271,SJP,11,16,16,1.4545454545454546,0.0004448522256512914,206,18.727272727272727,0.005727472405260377,60,5.454545454545454,0.001668195846192343,3183.090909090909,1776.1875,16105,13,5022.061796803091,9,0.0002502293769288514,0.8181818181818182,0.8181818181818182,363,273,407,36,490,0.3168044077134986,0.5619834710743802,35967,6094,604,54,298,10,36,8,794,144,33,36,108,47,0,0,0,5,0,19,39,0,5,0,9.097181927579037,10.009868723334423,56.065109397221356,9.60994748933377,10.06927032053386,25.173175801334647,81.06407624509497
138,1400-1500 in fashion,2008-06-27T15:06:59Z,2008-08-01T00:00:00Z,a,,"[('class=A|', 'A', '', '')]",,Reverted edits by [[Special:Contributions/90.194.235.9|90.194.235.9]] to last version by Metagraph (using [[WP:HG|Huggle]]),,222094254,222094271,SJP,11,16,16,1.4545454545454546,0.0004448522256512914,206,18.727272727272727,0.005727472405260377,60,5.454545454545454,0.001668195846192343,3183.090909090909,1776.1875,16105,13,5022.061796803091,9,0.0002502293769288514,0.8181818181818182,0.8181818181818182,363,273,407,36,490,0.3168044077134986,0.5619834710743802,35967,6094,604,54,298,10,36,8,794,144,33,36,108,47,0,0,0,5,0,19,39,0,5,0,9.097181927579037,10.009868723334423,56.065109397221356,9.60994748933377,10.06927032053386,25.173175801334647,81.06407624509497
139,1400-1500 in fashion,2008-06-27T15:06:59Z,2008-07-01T00:00:00Z,a,,"[('class=A|', 'A', '', '')]",,Reverted edits by [[Special:Contributions/90.194.235.9|90.194.235.9]] to last version by Metagraph (using [[WP:HG|Huggle]]),,222094254,222094271,SJP,11,16,16,1.4545454545454546,0.0004448522256512914,206,18.727272727272727,0.005727472405260377,60,5.454545454545454,0.001668195846192343,3183.090909090909,1776.1875,16105,13,5022.061796803091,9,0.0002502293769288514,0.8181818181818182,0.8181818181818182,363,273,407,36,490,0.3168044077134986,0.5619834710743802,35967,6094,604,54,298,10,36,8,794,144,33,36,108,47,0,0,0,5,0,19,39,0,5,0,9.097181927579037,10.009868723334423,56.065109397221356,9.60994748933377,10.06927032053386,25.173175801334647,81.06407624509497
140,1400-1500 in fashion,2008-05-26T16:28:42Z,2008-06-01T00:00:00Z,a,,"[('class=A|', 'A', '', '')]",,/* Style gallery - Northern Europe 1450s-1470s */ fix typo,,214294477,215077219,PKM,11,16,16,1.4545454545454546,0.0004448522256512914,206,18.727272727272727,0.005727472405260377,60,5.454545454545454,0.001668195846192343,3183.090909090909,1776.1875,16105,13,5022.061796803091,9,0.0002502293769288514,0.8181818181818182,0.8181818181818182,363,273,407,36,490,0.3168044077134986,0.5619834710743802,35967,6094,604,54,298,10,36,8,794,144,33,36,108,47,0,0,0,5,0,19,39,0,5,0,9.097181927579037,10.009868723334423,56.065109397221356,9.60994748933377,10.06927032053386,25.173175801334647,81.06407624509497
141,1400-1500 in fashion,2008-04-25T23:44:55Z,2008-05-01T00:00:00Z,a,,"[('class=A|', 'A', '', '')]",,"Replacing [[Image:Neroccio_de'_Landi_001.jpg]] with [[Image:Portrait-of-a-lady-_1485_Neroccio_dei_Landi.jpg]] (by [[commons:User:Siebrand|Siebrand]] because: Was in category ""Duplicate"", although NOT an exact duplicate).",,205655236,208222235,CommonsDelinker,11,16,16,1.4545454545454546,0.00044470385502654334,206,18.727272727272727,0.005725562133466746,60,5.454545454545454,0.0016676394563495372,3183.2727272727275,1776.3125,16106,13,5022.24911948639,9,0.0002501459184524306,0.8181818181818182,0.8181818181818182,364,273,407,36,490,0.31868131868131866,0.5631868131868132,35979,6095,604,54,298,10,35,8,795,144,33,36,108,47,0,0,0,5,0,19,39,0,5,0,9.078820425677684,10.009448728465953,56.075553338171254,9.59771563342318,10.057933452929351,25.144833632323376,81.07048097712733
142,1400-1500 in fashion,2008-03-04T20:26:17Z,2008-04-01T00:00:00Z,a,,"[('class=A|', 'A', '', '')]",,Reverted edits by [[Special:Contributions/124.120.105.160|124.120.105.160]] ([[User talk:124.120.105.160|talk]]) to last version by Tim!,,195818401,195873026,Johnbod,11,16,16,1.4545454545454546,0.0004449635686078202,205,18.63636363636364,0.005701095722787697,60,5.454545454545454,0.0016686133822793258,3181.3636363636365,1775.0,16085,13,5016.846704309935,9,0.00025029200734189895,0.8181818181818182,0.8181818181818182,364,273,407,36,490,0.31868131868131866,0.5631868131868132,35958,6094,603,54,298,10,35,8,794,144,33,36,108,47,0,0,0,5,0,19,39,0,5,0,9.064846958096057,9.993455858221203,56.15356927368663,9.586151483895168,10.05082210208564,25.1270552552141,81.06407624509497
143,1400-1500 in fashion,2008-01-06T14:27:55Z,2008-03-01T00:00:00Z,a,,"[('class=A|', 'A', '', '')]",,sort,,182510031,182529648,Tim!,11,16,16,1.4545454545454546,0.0004449635686078202,205,18.63636363636364,0.005701095722787697,60,5.454545454545454,0.0016686133822793258,3181.3636363636365,1775.0,16085,13,5016.846704309935,9,0.00025029200734189895,0.8181818181818182,0.8181818181818182,364,273,407,36,490,0.31868131868131866,0.5631868131868132,35958,6094,603,54,298,10,35,8,794,144,33,36,108,47,0,0,0,5,0,19,39,0,5,0,9.064846958096057,9.993455858221203,56.15356927368663,9.586151483895168,10.05082210208564,25.1270552552141,81.06407624509497
144,1400-1500 in fashion,2008-01-06T14:27:55Z,2008-02-01T00:00:00Z,a,,"[('class=A|', 'A', '', '')]",,sort,,182510031,182529648,Tim!,11,16,16,1.4545454545454546,0.0004449635686078202,205,18.63636363636364,0.005701095722787697,60,5.454545454545454,0.0016686133822793258,3181.3636363636365,1775.0,16085,13,5016.846704309935,9,0.00025029200734189895,0.8181818181818182,0.8181818181818182,364,273,407,36,490,0.31868131868131866,0.5631868131868132,35958,6094,603,54,298,10,35,8,794,144,33,36,108,47,0,0,0,5,0,19,39,0,5,0,9.064846958096057,9.993455858221203,56.15356927368663,9.586151483895168,10.05082210208564,25.1270552552141,81.06407624509497
145,1400-1500 in fashion,2007-12-11T02:32:54Z,2008-01-01T00:00:00Z,a,,"[('class=A|', 'A', '', '')]",,rv vandal,,177126148,177126931,Johnbod,11,16,16,1.4545454545454546,0.00044497594348805517,205,18.63636363636364,0.005701254275940707,60,5.454545454545454,0.0016686597880802068,3181.3636363636365,1775.0,16085,13,5016.846704309935,9,0.00025029896821203104,0.8181818181818182,0.8181818181818182,364,273,407,36,490,0.31868131868131866,0.5631868131868132,35957,6094,603,54,298,10,35,8,794,144,33,36,107,47,0,0,0,5,0,19,39,0,5,0,9.064074066727496,9.992492615687562,56.15356927368663,9.586151483895168,10.05082210208564,25.1270552552141,81.06407624509497
146,1400-1500 in fashion,2007-11-03T00:13:38Z,2007-12-01T00:00:00Z,a,,"[('class=A|', 'A', '', '')]",,/* Men's fashion */ added comma,,164604295,168843926,Awien,11,16,16,1.4545454545454546,0.00044497594348805517,205,18.63636363636364,0.005701254275940707,60,5.454545454545454,0.0016686597880802068,3181.3636363636365,1775.0,16085,13,5016.846704309935,9,0.00025029896821203104,0.8181818181818182,0.8181818181818182,364,273,407,36,490,0.31868131868131866,0.5631868131868132,35957,6094,603,54,298,10,35,8,794,144,33,36,107,47,0,0,0,5,0,19,39,0,5,0,9.064074066727496,9.992492615687562,56.15356927368663,9.586151483895168,10.05082210208564,25.1270552552141,81.06407624509497
147,1400-1500 in fashion,2007-10-14T23:52:29Z,2007-11-01T00:00:00Z,a,,"[('class=A|', 'A', '', '')]",,reference added,,159190759,164604295,12.149.116.80,11,16,16,1.4545454545454546,0.0004449883190566248,205,18.63636363636364,0.005701412837913005,60,5.454545454545454,0.0016687061964623428,3181.2727272727275,1775.0,16085,13,5016.7319858830215,9,0.0002503059294693514,0.8181818181818182,0.8181818181818182,364,273,407,36,490,0.31868131868131866,0.5631868131868132,35956,6094,603,54,298,10,35,8,794,144,33,36,107,47,0,0,0,5,0,19,39,0,5,0,9.064074066727496,9.992492615687562,56.167451781070916,9.58421515307797,10.05082210208564,25.1270552552141,81.06407624509497
148,1400-1500 in fashion,2007-09-20T16:19:25Z,2007-10-01T00:00:00Z,a,,"[('class=A|', 'A', '', '')]",,/* Slashing */ cited to Payne - can't see a pic so will add request to talk page,,159187824,159190759,Johnbod,11,16,16,1.4545454545454546,0.0004450502072265027,205,18.63636363636364,0.005702205780089566,59,5.363636363636363,0.001641122639147729,3180.818181818182,1774.6875,16080,13,5015.445978538336,9,0.0002503407415649079,0.8181818181818182,0.8181818181818182,364,273,407,36,490,0.3159340659340659,0.5631868131868132,35951,6093,603,54,298,10,35,8,794,144,33,36,107,47,0,0,0,5,0,19,39,0,5,0,9.064783682590182,9.994798949614315,56.17607075900466,9.582330484631076,10.050273688235283,25.125684220588212,81.05767098754613
149,1400-1500 in fashion,2007-08-28T02:28:07Z,2007-09-01T00:00:00Z,a,,"[('class=A|', 'A', '', '')]",,/* References */ close italics,,154082961,154085225,PKM,12,15,16,1.3333333333333333,0.00044612982377871963,205,17.083333333333332,0.005716038367164845,58,4.833333333333333,0.0016172206111978585,2907.25,1882.2,16080,13,4866.554187419566,9,0.00025094802587552966,0.75,0.75,364,273,405,36,490,0.3131868131868132,0.5631868131868132,35864,6078,602,52,297,10,34,8,793,144,33,35,107,47,0,0,0,5,0,19,39,0,5,0,9.047612846186393,9.994717012175062,56.208152289467705,9.567618342499888,10.042069217390047,25.105173043475126,80.96152897423191
150,1400-1500 in fashion,2007-06-24T01:13:29Z,2007-08-01T00:00:00Z,a,,"[('class=A|', 'A', '', '')]",,/* Style gallery - Italy and Spain 1470s-1490s */,,138454339,140215051,24.2.146.204,12,15,15,1.25,0.0004303543250609669,196,16.333333333333332,0.005623296514129968,57,4.75,0.001635346435231674,2823.166666666666,1836.9333333333327,15881,13,4811.9359142058665,8,0.00022952230669918232,0.6666666666666666,0.6666666666666666,351,265,392,35,398,0.3190883190883191,0.5527065527065527,34855,5910,589,50,285,10,34,7,777,141,32,32,105,46,0,0,0,5,0,18,38,0,5,0,9.112691743676514,10.003414551607444,56.18848388216411,9.605093062605754,10.125905679205172,25.314764198012927,79.87652437513026
151,1400-1500 in fashion,2007-06-24T01:13:29Z,2007-07-01T00:00:00Z,a,,"[('class=A|', 'A', '', '')]",,/* Style gallery - Italy and Spain 1470s-1490s */,,138454339,140215051,24.2.146.204,12,15,15,1.25,0.0004303543250609669,196,16.333333333333332,0.005623296514129968,57,4.75,0.001635346435231674,2823.166666666666,1836.9333333333327,15881,13,4811.9359142058665,8,0.00022952230669918232,0.6666666666666666,0.6666666666666666,351,265,392,35,398,0.3190883190883191,0.5527065527065527,34855,5910,589,50,285,10,34,7,777,141,32,32,105,46,0,0,0,5,0,18,38,0,5,0,9.112691743676514,10.003414551607444,56.18848388216411,9.605093062605754,10.125905679205172,25.314764198012927,79.87652437513026
152,1400-1500 in fashion,2007-05-25T03:05:40Z,2007-06-01T00:00:00Z,a,,"[('class=A|', 'A', '', '')]",,/* Style gallery - Italy and Spain 1470s-1490s */ corr sequence,,131345052,133327817,Johnbod,12,15,15,1.25,0.0004300335426163241,197,16.416666666666668,0.0056477738596943895,57,4.75,0.0016341274619420315,2825.333333333333,1838.666666666667,15887,13,4814.170094312175,8,0.0002293512227287061,0.6666666666666666,0.6666666666666666,351,265,392,35,398,0.3190883190883191,0.5527065527065527,34881,5913,589,50,285,10,34,7,777,141,32,32,106,46,0,0,0,5,0,18,38,0,5,0,9.124066268586816,10.013155758498224,56.133109706123406,9.614939962793844,10.141133616932704,25.35283404233176,79.89603370785778
153,1400-1500 in fashion,2007-04-24T01:26:47Z,2007-05-01T00:00:00Z,a,,"[('class=A|', 'A', '', '')]",,/* See also */ byzantine dress,,124527592,125362902,PKM,12,15,15,1.25,0.00043000888685032815,197,16.416666666666668,0.005647450047300977,57,4.75,0.0016340337700312473,2825.5,1838.2666666666669,15882,13,4812.503478156948,8,0.0002293380729868417,0.6666666666666666,0.6666666666666666,351,265,392,34,398,0.3190883190883191,0.5527065527065527,34883,5913,589,50,285,10,34,7,777,141,32,32,106,46,0,0,0,5,0,18,38,0,5,0,9.127252468485343,10.017126670049043,56.16172462240957,9.610948756976153,10.141133616932704,25.35283404233176,79.89603370785778
154,1400-1500 in fashion,2007-03-31T21:59:15Z,2007-04-01T00:00:00Z,a,,"[('class=A|', 'A', '', '')]",,/* Footwear */ link to pattens,,119349127,119352844,Johnbod,12,13,13,1.0833333333333333,0.0004283643073678661,180,15.0,0.005931198102016607,48,4.0,0.0015816528272044287,2447.75,1805.2307692307693,12152,13,3923.976395188941,8,0.00026360880453407144,0.6666666666666666,0.6666666666666666,302,233,353,28,398,0.3178807947019868,0.5463576158940397,30348,5149,525,43,256,7,29,4,677,113,23,28,100,40,0,0,0,4,0,19,29,0,5,0,9.190334534192324,9.989885414643616,55.9999298487844,9.684074686912783,10.160322006845023,25.40080501711256,74.75653280364095
375,1920 Palestine riots,2008-12-28T07:31:07Z,2009-01-01T00:00:00Z,b,,"[('class=B|', 'B', '', ''), ('class=B|', 'B', '', ''), ('class=B|', 'B', '', ''), ('class=B|', 'B', '', ''), ('class=B\n', '', '', 'B')]",,rm tag-- don't see any discussion on talk page mentioning the tag or current specific issues,,260455592,260456275,Gloriamarie,8,0,6,0.75,0.0002936138977244923,110,13.75,0.0053829214582823606,37,4.625,0.0018106190359677024,2404.25,0.0,8098,13,3295.4708638198754,1,4.893564962074871e-05,0.125,0.125,160,119,105,3,286,0.3875,0.50625,20435,3310,318,66,148,8,34,15,480,162,65,53,103,23,0,0,0,9,1,13,18,1,6,0,12.415408610271905,12.047441087613294,40.76480079305136,12.712807779456195,13.991012084592144,34.977530211480364,60.532599454570104
376,1920 Palestine riots,2008-10-12T03:48:03Z,2008-12-01T00:00:00Z,b,,"[('class=B|', 'B', '', ''), ('class=B|', 'B', '', ''), ('class=B|', 'B', '', ''), ('class=B|', 'B', '', ''), ('class=B\n', '', '', 'B')]",,"/* April 4-7, 1920 in the Old City */ wikilink",,237983643,244706839,Chesdovi,8,0,6,0.75,0.00029321213898255387,95,11.875,0.004642525533890436,36,4.5,0.0017592728338953235,2406.0,0.0,8088,13,3296.6147138281976,1,4.8868689830425645e-05,0.125,0.125,161,118,106,2,308,0.37888198757763975,0.5217391304347826,20463,3307,314,67,147,8,34,16,478,162,66,54,102,23,0,0,0,9,1,12,18,1,7,0,12.394489329053565,12.102809192621713,40.5778734173887,12.702329859304655,13.937346528256455,34.84336632064114,60.50652136931949
377,1920 Palestine riots,2008-10-12T03:48:03Z,2008-11-01T00:00:00Z,b,,"[('class=B|', 'B', '', ''), ('class=B|', 'B', '', ''), ('class=B|', 'B', '', ''), ('class=B|', 'B', '', ''), ('class=B\n', '', '', 'B')]",,"/* April 4-7, 1920 in the Old City */ wikilink",,237983643,244706839,Chesdovi,8,0,6,0.75,0.00029321213898255387,95,11.875,0.004642525533890436,36,4.5,0.0017592728338953235,2406.0,0.0,8088,13,3296.6147138281976,1,4.8868689830425645e-05,0.125,0.125,161,118,106,2,308,0.37888198757763975,0.5217391304347826,20463,3307,314,67,147,8,34,16,478,162,66,54,102,23,0,0,0,9,1,12,18,1,7,0,12.394489329053565,12.102809192621713,40.5778734173887,12.702329859304655,13.937346528256455,34.84336632064114,60.50652136931949
378,1920 Palestine riots,2008-09-12T18:33:47Z,2008-10-01T00:00:00Z,b,,"[('class=B|', 'B', '', ''), ('class=B|', 'B', '', ''), ('class=B|', 'B', '', ''), ('class=B|', 'B', '', ''), ('class=B\n', '', '', 'B')]",,"robot  Modifying: [[he:פרעות תר""פ]]",,227794507,237983643,TaBOT-zerem,8,0,6,0.75,0.00029322646857589683,95,11.875,0.004642752419118366,36,4.5,0.001759358811455381,2405.875,0.0,8088,13,3296.5123317790612,1,4.8871078095982785e-05,0.125,0.125,161,118,106,3,308,0.37888198757763975,0.5217391304347826,20462,3307,314,67,147,8,34,16,478,162,66,54,102,23,0,0,0,9,1,12,18,1,7,0,12.393065077466021,12.101034169942546,40.5778734173887,12.702329859304655,13.937346528256455,34.84336632064114,60.50652136931949
379,1920 Palestine riots,2008-07-25T08:32:37Z,2008-09-01T00:00:00Z,b,,"[('class=B|', 'B', '', ''), ('class=B|', 'B', '', ''), ('class=B|', 'B', '', ''), ('class=B|', 'B', '', ''), ('class=B\n', '', '', 'B')]",,/* Prelude */,,227794231,227794507,Harlan wilkerson,8,0,6,0.75,0.00029319781078967946,95,11.875,0.004642298670836591,36,4.5,0.0017591868647380765,2406.125,0.0,8088,13,3296.32225528911,1,4.8866301798279905e-05,0.125,0.125,161,118,106,4,308,0.37888198757763975,0.5217391304347826,20464,3307,314,67,147,8,34,16,478,162,66,54,102,23,0,0,0,9,1,12,18,1,7,0,12.3959135806411,12.104584215300882,40.55229131880992,12.705898047995314,13.937346528256455,34.84336632064114,60.50652136931949
380,1920 Palestine riots,2008-07-25T08:32:37Z,2008-08-01T00:00:00Z,b,,"[('class=B|', 'B', '', ''), ('class=B|', 'B', '', ''), ('class=B|', 'B', '', ''), ('class=B|', 'B', '', ''), ('class=B\n', '', '', 'B')]",,/* Prelude */,,227794231,227794507,Harlan wilkerson,8,0,6,0.75,0.00029319781078967946,95,11.875,0.004642298670836591,36,4.5,0.0017591868647380765,2406.125,0.0,8088,13,3296.32225528911,1,4.8866301798279905e-05,0.125,0.125,161,118,106,4,308,0.37888198757763975,0.5217391304347826,20464,3307,314,67,147,8,34,16,478,162,66,54,102,23,0,0,0,9,1,12,18,1,7,0,12.3959135806411,12.104584215300882,40.55229131880992,12.705898047995314,13.937346528256455,34.84336632064114,60.50652136931949
381,1920 Palestine riots,2008-06-27T10:35:24Z,2008-07-01T00:00:00Z,b,,"[('class=B|', 'B', '', ''), ('class=B|', 'B', '', ''), ('class=B|', 'B', '', ''), ('class=B|', 'B', '', ''), ('class=B\n', '', '', 'B')]",,tweaks,,222057420,222057631,Nishidani,8,0,6,0.75,0.0003442933379239112,95,11.875,0.005451311183795261,35,4.375,0.0020083778045561487,2026.5,0.0,5843,13,2662.4234395431117,1,5.738222298731853e-05,0.125,0.125,134,102,103,4,251,0.373134328358209,0.5223880597014925,17427,2801,256,49,128,7,32,13,402,125,49,46,82,19,0,0,0,8,1,11,14,1,6,0,12.758054479476941,12.354937522313461,39.46373969584426,12.947812161967745,14.144842726744713,35.36210681686178,55.92447448959697
382,1920 Palestine riots,2008-05-10T14:05:28Z,2008-06-01T00:00:00Z,b,,"[('class=B|', 'B', '', ''), ('class=B|', 'B', '', ''), ('class=B|', 'B', '', ''), ('class=B|', 'B', '', ''), ('class=B\n', '', '', 'B')]",,Units/dates/Minor fixes  using [[Project:AutoWikiBrowser|AWB]],,210138648,211463659,Instinct,8,0,6,0.75,0.0004193751310547285,81,10.125,0.005661564269238834,30,3.75,0.0020968756552736424,1634.5,0.0,4825,13,2164.442587431165,1,6.989585517578807e-05,0.125,0.125,118,91,101,4,202,0.3728813559322034,0.5,14307,2336,213,39,102,4,25,13,330,109,45,34,76,17,0,0,0,7,1,8,14,1,5,0,11.7278812833759,11.681391267123285,43.978940677966136,12.043177966101696,13.175493382865104,32.93873345716276,51.33218389437829
383,1920 Palestine riots,2008-03-07T16:08:06Z,2008-05-01T00:00:00Z,b,,"[('class=B|', 'B', '', ''), ('class=B|', 'B', '', ''), ('class=B|', 'B', '', ''), ('class=B|', 'B', '', '')]",,Bot: Featured article link for [[fr:Émeutes de Jérusalem de 1920]],,196417469,196552624,Muro Bot,8,0,5,0.625,0.0003501645773513551,83,10.375,0.005812731984032495,30,3.75,0.0021009874641081307,1631.0,0.0,4825,13,2167.0887647453933,1,7.003291547027102e-05,0.125,0.125,118,91,100,4,202,0.3728813559322034,0.5,14279,2334,213,39,102,4,25,13,330,109,45,34,76,17,0,0,0,7,1,8,14,1,5,0,11.690897346520849,11.644580119965728,44.09129188270665,12.023296588383946,13.156080345083005,32.8902008627075,51.311489316724646
384,1920 Palestine riots,2008-03-07T16:08:06Z,2008-04-01T00:00:00Z,b,,"[('class=B|', 'B', '', ''), ('class=B|', 'B', '', ''), ('class=B|', 'B', '', ''), ('class=B|', 'B', '', '')]",,Bot: Featured article link for [[fr:Émeutes de Jérusalem de 1920]],,196417469,196552624,Muro Bot,8,0,5,0.625,0.0003501645773513551,83,10.375,0.005812731984032495,30,3.75,0.0021009874641081307,1631.0,0.0,4825,13,2167.0887647453933,1,7.003291547027102e-05,0.125,0.125,118,91,100,4,202,0.3728813559322034,0.5,14279,2334,213,39,102,4,25,13,330,109,45,34,76,17,0,0,0,7,1,8,14,1,5,0,11.690897346520849,11.644580119965728,44.09129188270665,12.023296588383946,13.156080345083005,32.8902008627075,51.311489316724646
385,1920 Palestine riots,2008-02-17T12:49:39Z,2008-03-01T00:00:00Z,b,,"[('class=B|', 'B', '', ''), ('class=B|', 'B', '', ''), ('class=B|', 'B', '', '')]",,/* Prelude */ Added wikilink,,190160181,192052250,Ghj-AA4,8,0,5,0.625,0.00035048366746109633,84,10.5,0.005888125613346418,30,3.75,0.002102902004766578,1629.5,0.0,4825,13,2168.2356882959007,1,7.009673349221926e-05,0.125,0.125,118,91,100,3,202,0.3728813559322034,0.5,14266,2332,213,39,102,4,25,13,330,109,45,34,76,17,0,0,0,7,1,8,14,1,5,0,11.690219568567025,11.653014579759862,44.276362037387,11.993272378405097,13.153798296363055,32.88449574090764,51.29078587059855
386,1920 Palestine riots,2008-01-31T14:51:50Z,2008-02-01T00:00:00Z,b,,"[('class=B|', 'B', '', ''), ('class=B|', 'B', '', ''), ('class=B|', 'B', '', '')]",,Cleaned up very badly worded  'lead' and added info on Palin Report.,,187521223,188156110,Nishidani,8,0,5,0.625,0.0003491376300537672,83,10.375,0.005795684658892536,30,3.75,0.0020948257803226032,1638.5,0.0,4825,13,2173.1623435511137,1,6.982752601075345e-05,0.125,0.125,118,91,99,4,257,0.3728813559322034,0.5,14321,2341,215,39,103,4,25,13,332,109,45,34,76,17,0,0,0,7,1,8,14,1,5,0,11.731601734735987,11.662815036309276,44.24084997357353,12.017173488079125,13.198301464679007,32.99575366169752,51.383881613611784
387,1920 Palestine riots,2007-12-29T16:36:58Z,2008-01-01T00:00:00Z,ga,,"[('class=GA|', 'GA', '', ''), ('class=GA|', 'GA', '', ''), ('class=GA|', 'GA', '', '')]",,copyedit  using [[Project:AutoWikiBrowser|AWB]],,180716049,180813995,Epbr123,8,0,8,1.0,0.0005630234358505173,82,10.25,0.0057709902174678035,25,3.125,0.0017594482370328665,1658.75,0.0,4797,13,2067.991071409297,0,0.0,0.0,0.0,123,92,92,3,256,0.3983739837398374,0.4796747967479675,14209,2339,217,37,108,3,26,12,325,105,40,34,75,17,0,0,0,6,1,10,12,1,6,0,11.162901351074217,11.402218896964511,46.83490679430099,11.450967371922538,12.582989742680668,31.45747435670167,51.36320915737499
388,1920 Palestine riots,2007-07-30T19:48:10Z,2007-12-01T00:00:00Z,start,,"[('class=Start|', 'Start', '', '')]",,"please work this out in Talk: Also, given the allegations made, I note that  [[WP:STALK]] is indeed policy.",,148111448,148111701,Jayjg,8,0,7,0.875,0.0004916420845624387,81,10.125,0.005689001264222503,25,3.125,0.0017558645877229948,1652.625,0.0,4798,13,2071.452901950706,0,0.0,0.0,0.0,123,92,88,4,256,0.3983739837398374,0.4878048780487805,14238,2343,219,37,107,3,27,12,326,102,40,35,76,17,0,0,0,6,1,10,12,1,6,0,11.192034289997187,11.420917626973967,46.60881046813032,11.490582222083425,12.63871834108866,31.596795852721648,51.40454524112379
389,1920 Palestine riots,2007-07-30T19:48:10Z,2007-11-01T00:00:00Z,start,,"[('class=Start|', 'Start', '', '')]",,"please work this out in Talk: Also, given the allegations made, I note that  [[WP:STALK]] is indeed policy.",,148111448,148111701,Jayjg,8,0,7,0.875,0.0004916420845624387,81,10.125,0.005689001264222503,25,3.125,0.0017558645877229948,1652.625,0.0,4798,13,2071.452901950706,0,0.0,0.0,0.0,123,92,88,4,256,0.3983739837398374,0.4878048780487805,14238,2343,219,37,107,3,27,12,326,102,40,35,76,17,0,0,0,6,1,10,12,1,6,0,11.192034289997187,11.420917626973967,46.60881046813032,11.490582222083425,12.63871834108866,31.596795852721648,51.40454524112379
390,1920 Palestine riots,2007-07-30T19:48:10Z,2007-10-01T00:00:00Z,start,,"[('class=Start|', 'Start', '', '')]",,"please work this out in Talk: Also, given the allegations made, I note that  [[WP:STALK]] is indeed policy.",,148111448,148111701,Jayjg,8,0,7,0.875,0.0004916420845624387,81,10.125,0.005689001264222503,25,3.125,0.0017558645877229948,1652.625,0.0,4798,13,2071.452901950706,0,0.0,0.0,0.0,123,92,88,4,256,0.3983739837398374,0.4878048780487805,14238,2343,219,37,107,3,27,12,326,102,40,35,76,17,0,0,0,6,1,10,12,1,6,0,11.192034289997187,11.420917626973967,46.60881046813032,11.490582222083425,12.63871834108866,31.596795852721648,51.40454524112379
391,1920 Palestine riots,2007-07-30T19:48:10Z,2007-09-01T00:00:00Z,start,,"[('class=Start|', 'Start', '', '')]",,"please work this out in Talk: Also, given the allegations made, I note that  [[WP:STALK]] is indeed policy.",,148111448,148111701,Jayjg,8,0,7,0.875,0.0004916420845624387,81,10.125,0.005689001264222503,25,3.125,0.0017558645877229948,1652.625,0.0,4798,13,2071.452901950706,0,0.0,0.0,0.0,123,92,88,4,256,0.3983739837398374,0.4878048780487805,14238,2343,219,37,107,3,27,12,326,102,40,35,76,17,0,0,0,6,1,10,12,1,6,0,11.192034289997187,11.420917626973967,46.60881046813032,11.490582222083425,12.63871834108866,31.596795852721648,51.40454524112379
392,1920 Palestine riots,2007-07-30T19:48:10Z,2007-08-01T00:00:00Z,start,,"[('class=Start|', 'Start', '', '')]",,"please work this out in Talk: Also, given the allegations made, I note that  [[WP:STALK]] is indeed policy.",,148111448,148111701,Jayjg,8,0,7,0.875,0.0004916420845624387,81,10.125,0.005689001264222503,25,3.125,0.0017558645877229948,1652.625,0.0,4798,13,2071.452901950706,0,0.0,0.0,0.0,123,92,88,4,256,0.3983739837398374,0.4878048780487805,14238,2343,219,37,107,3,27,12,326,102,40,35,76,17,0,0,0,6,1,10,12,1,6,0,11.192034289997187,11.420917626973967,46.60881046813032,11.490582222083425,12.63871834108866,31.596795852721648,51.40454524112379
393,1920 Palestine riots,2007-06-24T17:44:50Z,2007-07-01T00:00:00Z,start,,"[('class=Start|', 'Start', '', '')]",,Restored Segev's comment,,140329746,140341383,Ian Pitchford,8,0,7,0.875,0.0005095355947008298,79,9.875,0.0057504731401950785,24,3.0,0.0017469791818314163,1678.0,0.0,4784,13,2082.3164299130217,0,0.0,0.0,0.0,121,89,86,4,281,0.371900826446281,0.5123966942148761,13738,2268,206,37,105,3,28,12,315,108,40,34,74,17,0,1,0,6,1,10,12,1,6,0,10.953646858192306,11.288597883597884,47.705279417552156,11.261881586427041,12.382882213185244,30.95720553296311,50.623523599162645
394,1920 Palestine riots,2007-05-30T20:56:39Z,2007-06-01T00:00:00Z,start,,"[('class=Start|', 'Start', '', '')]",,"sp, date & link fixes  using [[Project:AWB|AWB]]",,134278392,134653935,Colonies Chris,8,0,6,0.75,0.0004397859708275306,78,9.75,0.0057172176207578975,21,2.625,0.0015392508978963571,1666.125,0.0,4756,13,2101.2606717669005,0,0.0,0.0,0.0,114,86,85,4,211,0.3684210526315789,0.5087719298245614,13643,2246,205,38,103,5,28,13,312,107,41,36,75,16,0,1,0,6,1,10,12,1,6,0,11.525814859945946,11.481473731077475,46.3776124416116,11.685046632610021,12.885154114136634,32.21288528534158,50.391982444291145